CREATE DATABASE IF NOT EXISTS Streetfighter6_character_statistics;
USE Streetfighter6_character_statistics;

-- ---------------------------------------------------------------------------
-- ------------------------- CREATE TABLE PART 2 -------------------------
-- ---------------------------------------------------------------------------

-- REMEMBER TO REMOVE COMMENTS IN DROP TABLE DOWN HERE AFTER RUNNING THE SCRIPT ONCES 
DROP TABLE IF EXISTS character_matchups;
DROP TABLE IF EXISTS character_popularity;
DROP TABLE IF EXISTS move_list;
DROP TABLE IF EXISTS tier_placement;
DROP TABLE IF EXISTS character_stats;

CREATE TABLE IF NOT EXISTS character_stats (
    character_name VARCHAR(100),
	character_archetype VARCHAR(100),
	character_forwardSpeed FLOAT,
	character_backwardSpeed FLOAT,
	character_dashForwardSpeed INT,
	character_dashBackwardSpeed INT,
	character_health INT,
	character_preJumpFrames INT, 
    PRIMARY KEY(character_name)
);



CREATE TABLE IF NOT EXISTS tier_placement (
    character_name VARCHAR(50),
    tier_placement INT,
    PRIMARY KEY(character_name),
    FOREIGN KEY (character_name) REFERENCES character_stats(character_name)
);


CREATE TABLE IF NOT EXISTS move_list (
	character_name VARCHAR(50),
	move_name VARCHAR(50),
    move_buttonCombo VARCHAR(25),
    move_startupFrames INT,
    move_activeFrames INT,
    move_recoveryFrames INT,
    move_onHitAdvantage VARCHAR(15),
    move_onBlockAdvantage VARCHAR(15),
    move_totalFrames INT,
    move_rawDamage INT,
    move_heightHit VARCHAR(15),
    move_crossup VARCHAR (3),
    PRIMARY KEY(character_name,move_name),
    FOREIGN KEY (character_name) REFERENCES character_stats(character_name)
);

CREATE TABLE IF NOT EXISTS character_popularity (
    character_name VARCHAR(50),
    number_of_players INT,
    highest_LP_achieved INT,
    top_player_name VARCHAR(50),
    PRIMARY KEY(character_name),
    FOREIGN KEY (character_name) REFERENCES character_stats(character_name)
);

CREATE TABLE IF NOT EXISTS   character_matchups (
    character_name VARCHAR(50),
    character_matchup VARCHAR(100),
    matchup_score FLOAT, # a vs b , matchup score in favour of character a
    PRIMARY KEY(character_name,character_matchup),
    FOREIGN KEY (character_name) REFERENCES character_stats(character_name)
);


    

INSERT INTO character_stats VALUES
("RYU","SHOTO",4.7,3.2,19,23,10000,4),
("KEN","SHOTO",4.1,3.2,14,23,10000,4),
("CAMMY","RUSHDOWN",4.5,3.2,18,22,950,4),
("CHUN-LI","CHARGE",4.5,3.2,18,22,950,4),
("GUILE","CHARGE",3.8,3.5,19,21,1050,5),
("DHALSIM","ZONER",3.2,2.8,20,24,900,5),
("BALROG","CHARGE",4.8,3.0,17,22,1050,6),
("VEGA","CLAW",5.0,3.5,21,20,1000,4),
("SAGAT","ZONER",4.2,3.0,20,23,1100,5),
("AKUMA","SHOTO",4.8,3.4,18,23,950,4),
("IBUKI","RUSHDOWN",5.2,3.7,19,23,950,4),
("ZANGIEF","GRAPPLER",2.8,2.5,18,22,1200,5),
("M_BISON","CHARGE",4.5,3.2,19,22,1000,4),
("NECALLI","RUSHDOWN",5.0,3.5,20,22,1050,5),
("R_MIK","GRAPPLER",4.7,3.3,18,23,1000,4),
("CODY","RUSHDOWN",4.9,3.5,19,22,1000,4),
("KARIN","RUSHDOWN",4.5,3.8,20,22,950,4),
("GOUKEN","SHOTO",4.2,3.1,18,23,1000,4),
("BLANKA","CHARGE",4.0,3.3,19,24,1050,5),
("JURI","RUSHDOWN",5.1,3.6,20,22,950,4),
("E_HONDA","CHARGE",3.5,2.7,17,21,1100,5),
("POISON","RUSHDOWN",4.7,3.4,18,23,1000,4),
("ABIGAIL","GRAPPLER",3.8,2.8,21,22,1150,6),
("ED","RUSHDOWN",4.5,3.2,19,22,950,4),
("FANG","CHARGE",3.0,2.5,18,24,950,4),
("LUCIA","RUSHDOWN",4.8,3.6,20,22,1000,4),
("KAGE","SHOTO",4.7,3.3,19,23,950,4),
("GILL","ZONER",4.5,3.2,20,23,1050,5),
("SAKURA","SHOTO",4.6,3.4,18,23,950,4),
("ALEX","GRAPPLER",4.0,2.9,19,22,1050,5),
("DAN","SHOTO",4.0,3.0,18,24,900,4),
("DEE_JAY","CHARGE",4.3,3.2,19,22,1000,4),
("HONDA","CHARGE",3.5,2.7,17,21,1100,5),
("MAKOTO","RUSHDOWN",4.6,3.4,20,23,950,4),
("ROSE","ZONER",4.3,3.0,19,22,1000,4),
("Q","CHARGE",3.2,2.5,18,24,1050,5),
("TWELVE","ZONER",4.0,3.5,19,22,950,4),
("ORO","ZONER",3.8,3.1,20,23,950,4),
("URlEN","GRAPPLER",4.5,3.2,19,23,1000,4),
("C_VIPER","RUSHDOWN",4.7,3.6,18,23,1000,4),
("SAVAGE_REIGN_ADI_DUES","RUSHDOWN",5.0,3.8,20,22,950,4),
("SANKUOKU_NAOKI","RUSHDOWN",4.5,3.2,19,22,950,4),
("MARTIAL_MASTERS_GENNARO","GRAPPLER",3.5,2.8,19,22,1050,5),
("RED_EARTH_LEONHALI","GRAPPLER",4.1,3.0,18,23,950,4),
("STREET_SMARTS_JUAN_2","RUSHDOWN",4.7,3.5,20,22,1000,4),
("NAMCO_DAWN","ZONER",4.5,3.2,19,23,1000,4),
("KURISUTARU","SHOTO",4.7,3.2,19,23,1000,4),
("VIOLENT_KEN","SHOTO",4.7,3.2,19,23,1000,4),
("COOL_CHICKEN","RUSHDOWN",5.61,3.66,18,23,1000,4),
("CITY_HUNTER_RYO","RUSHDOWN",5.61,3.66,18,23,1000,4),
("STREETWISE_MIKE","GRAPPLER",4.7,3.2,19,23,1000,4),
("STREETWISE_CHIN","GRAPPLER",4.7,3.2,19,23,1000,4),
("STREETWISE_AIR","SHOTO",4.7,3.2,19,23,1000,4),
("STREETWISE_BILLY","RUSHDOWN",5.61,3.66,18,23,1000,4),
("STREETWISE_ALEX","GRAPPLER",4.7,3.2,19,23,1000,4),
("STREETWISE_JOHN","GRAPPLER",4.7,3.2,19,23,1000,4),
("STREETWISE_MICK","RUSHDOWN",5.61,3.66,18,23,1000,4),
("STREETWISE_DON","RUSHDOWN",5.61,3.66,18,23,1000,4);

    
-- Inserting unique tier placements for characters
INSERT INTO tier_placement (character_name,tier_placement)VALUES
("RYU", 18),
("CHUN-LI", 25),
("GUILE", 11),
("DHALSIM", 12),
("BALROG", 52),
("VEGA", 37),
("SAGAT", 14),
("AKUMA", 53),
("IBUKI", 41),
("ZANGIEF", 20),
("M_BISON", 1),
("NECALLI", 55),
("R_MIK", 47),
("CODY", 40),
("KARIN", 29),
("GOUKEN", 27),
("BLANKA", 2),
("JURI", 28),
("E_HONDA", 13),
("POISON", 56),
("ABIGAIL", 7),
("ED", 46),
("FANG", 57),
("LUCIA", 5),
("KAGE", 26),
("GILL", 6),
("SAKURA", 38),
("ALEX", 45),
("DAN", 35),
("DEE_JAY", 10),
("HONDA", 44),
("MAKOTO", 36),
("ROSE", 3),
("Q", 21),
("TWELVE", 15),
("ORO", 8),
("URlEN", 50),
("C_VIPER", 51),
("SAVAGE_REIGN_ADI_DUES", 54),
("SANKUOKU_NAOKI", 22),
("MARTIAL_MASTERS_GENNARO", 16),
("RED_EARTH_LEONHALI", 23),
("STREET_SMARTS_JUAN_2", 9),
("NAMCO_DAWN", 49),
("KURISUTARU", 19),
("VIOLENT_KEN", 43),
("COOL_CHICKEN", 17),
("CITY_HUNTER_RYO", 4),
("STREETWISE_MIKE", 33),
("STREETWISE_CHIN", 32),
("STREETWISE_AIR", 34),
("STREETWISE_BILLY", 24),
("STREETWISE_ALEX", 31),
("STREETWISE_JOHN", 30),
("STREETWISE_MICK", 39),
("STREETWISE_DON", 42),
("CAMMY", 58),
("KEN", 48);
   
    
-- Inserting 26 unique moves for each character

-- Ryu's moves
INSERT INTO move_list VALUES
("RYU", "standing light punch", "LP", 4, 3, 7, "+4", "-1", 13, 300, "high", "no"),
("RYU", "crouching light punch", "2+LP", 4, 2, 9, "+4", "-1", 14, 300, "high", "no"),
("RYU", "standing medium punch", "MP", 5, 4, 9, "+2", "-2", 18, 550, "high", "no"),
("RYU", "crouching medium punch", "2+MP", 6, 5, 11, "+1", "-3", 20, 600, "mid", "no"),
("RYU", "standing heavy punch", "HP", 7, 6, 12, "-2", "-7", 25, 700, "high", "no"),
("RYU", "crouching heavy punch", "2+HP", 8, 7, 14, "-1", "-9", 28, 750, "mid", "no"),
("RYU", "standing light kick", "LK", 3, 4, 6, "+3", "-1", 12, 250, "low", "no"),
("RYU", "crouching light kick", "2+LK", 4, 3, 7, "+2", "-2", 13, 240, "low", "no"),
("RYU", "standing medium kick", "MK", 6, 5, 10, "+1", "-3", 20, 500, "high", "no"),
("RYU", "crouching medium kick", "2+MK", 7, 6, 12, "+2", "-5", 22, 550, "low", "no"),
("RYU", "standing heavy kick", "HK", 9, 8, 16, "-3", "-11", 32, 800, "high", "no"),
("RYU", "crouching heavy kick", "2+HK", 11, 10, 20, "-5", "-15", 38, 900, "low", "no"),
("RYU", "fireball", "QCF + P", 14, 13, 19, "+2", "-6", 46, 700, "mid", "no"),
("RYU", "dragon punch", "DP + P", 4, 3, 23, "-15", "-23", 30, 1000, "high", "no"),
("RYU", "tatsu", "QCB + K", 5, 4, 16, "+1", "-2", 30, 800, "mid", "no"),
("RYU", "parry", "MP + MK", 1, 0, 20, "N/A", "N/A", 20, 0, "N/A", "no"),
("RYU", "overhead kick", "F + MK", 17, 16, 21, "+2", "-4", 38, 700, "mid", "no"),
("RYU", "throw", "LP + LK", 3, 0, 0, "N/A", "N/A", 0, 1200, "N/A", "no"),
("RYU", "air tatsu", "QCB + K (in air)", 8, 7, 10, "N/A", "N/A", 26, 600, "high", "no"),
("RYU", "super combo", "QCF, QCF + P", 3, 1, 8, "+5", "-5", 14, 1500, "mid", "no"),
("RYU", "ultra combo", "QCF, QCF + 3P", 1, 0, 10, "+2", "-3", 12, 2000, "mid", "no");


-- Chun-Li's moves
INSERT INTO move_list VALUES
("CHUN-LI", "standing light punch", "LP", 3, 4, 6, "+3", "-1", 12, 250, "mid", "no"),
("CHUN-LI", "crouching light punch", "2+LP", 4, 3, 7, "+2", "-2", 13, 240, "low", "no"),
("CHUN-LI", "standing medium punch", "MP", 6, 5, 10, "+1", "-3", 20, 500, "mid", "no"),
("CHUN-LI", "crouching medium punch", "2+MP", 7, 6, 12, "+2", "-5", 22, 550, "low", "no"),
("CHUN-LI", "standing heavy punch", "HP", 8, 7, 14, "-3", "-9", 26, 650, "high", "no"),
("CHUN-LI", "crouching heavy punch", "2+HP", 10, 9, 16, "-4", "-11", 30, 700, "mid", "no"),
("CHUN-LI", "standing light kick", "LK", 4, 3, 7, "+2", "-2", 13, 230, "low", "no"),
("CHUN-LI", "crouching light kick", "2+LK", 5, 4, 8, "+1", "-3", 15, 220, "low", "no"),
("CHUN-LI", "standing medium kick", "MK", 7, 6, 11, "0", "-4", 24, 500, "mid", "no"),
("CHUN-LI", "crouching medium kick", "2+MK", 8, 7, 13, "-1", "-6", 28, 550, "low", "no"),
("CHUN-LI", "standing heavy kick", "HK", 9, 8, 16, "-2", "-8", 32, 700, "high", "no"),
("CHUN-LI", "crouching heavy kick", "2+HK", 11, 10, 19, "-3", "-12", 38, 800, "low", "no"),
("CHUN-LI", "spinning bird kick", "Charge DB, UF + K", 5, 4, 16, "+2", "-4", 26, 800, "mid", "no"),
("CHUN-LI", "lightning legs", "Mash K", 3, 2, 14, "+3", "-4", 19, 700, "mid", "no"),
("CHUN-LI", "hyakuretsukyaku", "QCF + K", 10, 9, 15, "+2", "-4", 34, 900, "mid", "no"),
("CHUN-LI", "spinning air kick", "QCB + K (in air)", 7, 6, 12, "N/A", "N/A", 26, 650, "mid", "no"),
("CHUN-LI", "throw", "LP + LK", 3, 0, 0, "N/A", "N/A", 0, 1200, "N/A", "no"),
("CHUN-LI", "super combo", "Charge DB, UF + P", 2, 1, 8, "+4", "-3", 13, 1500, "mid", "no"),
("CHUN-LI", "ultra combo", "QCF, QCF + 3K", 1, 0, 10, "+3", "-2", 12, 2000, "mid", "no");


-- Guile's moves
INSERT INTO move_list VALUES
("GUILE", "standing light punch", "LP", 4, 3, 6, "+3", "-1", 11, 250, "mid", "no"),
("GUILE", "crouching light punch", "2+LP", 5, 4, 7, "+2", "-2", 12, 240, "low", "no"),
("GUILE", "standing medium punch", "MP", 6, 5, 9, "+1", "-3", 18, 500, "mid", "no"),
("GUILE", "crouching medium punch", "2+MP", 7, 6, 11, "+2", "-5", 20, 550, "low", "no"),
("GUILE", "standing heavy punch", "HP", 9, 8, 13, "-2", "-7", 23, 650, "high", "no"),
("GUILE", "crouching heavy punch", "2+HP", 10, 9, 15, "-1", "-9", 26, 700, "mid", "no"),
("GUILE", "standing light kick", "LK", 3, 4, 6, "+2", "-2", 11, 230, "low", "no"),
("GUILE", "crouching light kick", "2+LK", 4, 3, 7, "+1", "-3", 13, 220, "low", "no"),
("GUILE", "standing medium kick", "MK", 6, 5, 10, "0", "-4", 19, 500, "mid", "no"),
("GUILE", "crouching medium kick", "2+MK", 7, 6, 12, "-1", "-6", 22, 550, "low", "no"),
("GUILE", "standing heavy kick", "HK", 8, 7, 15, "-3", "-11", 28, 700, "high", "no"),
("GUILE", "crouching heavy kick", "2+HK", 10, 9, 18, "-5", "-15", 34, 800, "low", "no"),
("GUILE", "sonic boom", "Charge B, F + P", 10, 9, 13, "+3", "-1", 32, 800, "mid", "no"),
("GUILE", "flash kick", "Charge D, U + K", 4, 3, 18, "+1", "-7", 25, 900, "mid", "no"),
("GUILE", "upside-down kick", "Charge DB, UF + K", 12, 11, 16, "+4", "-1", 30, 700, "mid", "no"),
("GUILE", "throw", "LP + LK", 3, 0, 0, "N/A", "N/A", 0, 1200, "N/A", "no"),
("GUILE", "super combo", "Charge DB, UF + P", 2, 1, 8, "+5", "-5", 14, 1500, "mid", "no"),
("GUILE", "ultra combo", "Charge DB, UF + 3K", 1, 0, 10, "+2", "-3", 12, 2000, "mid", "no");

  

INSERT INTO character_popularity VALUES
("RYU", 199345, 259659, "Paladin"),
("CHUN-LI", 198014, 343084, "Hurricane"),
("GUILE", 185000, 275000, "SonicMaster"),
("DHALSIM", 95000, 200000, "YogaMaster"),
("BALROG", 175000, 240000, "BoxerChamp"),
("VEGA", 160000, 210000, "ClawMaster"),
("SAGAT", 220000, 300000, "TigerKing"),
("AKUMA", 180000, 270000, "ShinAkuma"),
("IBUKI", 155000, 230000, "NinjaQueen"),
("ZANGIEF", 140000, 190000, "GrappleBeast"),
("M_BISON", 190000, 260000, "Dictator"),
("NECALLI", 200000, 280000, "RagingPower"),
("R_MIK", 165000, 225000, "FlyingPunch"),
("CODY", 170000, 235000, "StreetBrawler"),
("KARIN", 175000, 245000, "ElegantStriker"),
("GOUKEN", 160000, 215000, "MasterSensei"),
("BLANKA", 145000, 205000, "ElectricWarrior"),
("JURI", 210000, 290000, "FengShuiMaster"),
("E_HONDA", 130000, 180000, "SumoChampion"),
("POISON", 185000, 255000, "ToxicBeauty"),
("ABIGAIL", 120000, 170000, "GiantBrawler"),
("ED", 150000, 210000, "PsychoMaster"),
("FANG", 110000, 160000, "VenomousNinja"),
("LUCIA", 175000, 240000, "BurningJustice"),
("KAGE", 170000, 230000, "DarkPower"),
("GILL", 200000, 270000, "IceEmperor"),
("SAKURA", 165000, 225000, "SpiritedFighter"),
("ALEX", 140000, 195000, "GroundBreaker"),
("DAN", 125000, 175000, "SaikyoLegend"),
("DEE_JAY", 155000, 215000, "RhythmMaster"),
("HONDA", 130000, 180000, "SumoChampion"),
("MAKOTO", 160000, 220000, "SwiftStriker"),
("ROSE", 145000, 200000, "MysticSeer"),
("Q", 110000, 160000, "MysteriousAgent"),
("TWELVE", 155000, 210000, "Shapeshifter"),
("ORO", 145000, 200000, "AncientMaster"),
("URlEN", 190000, 260000, "MetalOverlord"),
("C_VIPER", 180000, 250000, "CipherAgent"),
("SAVAGE_REIGN_ADI_DUES", 155000, 220000, "SavageWarrior"),
("SANKUOKU_NAOKI", 160000, 230000, "StormRider"),
("MARTIAL_MASTERS_GENNARO", 120000, 170000, "MartialArtsMaestro"),
("RED_EARTH_LEONHALI", 135000, 185000, "EarthGuardian"),
("STREET_SMARTS_JUAN_2", 170000, 230000, "StreetwiseWarrior"),
("NAMCO_DAWN", 165000, 225000, "PixelChampion"),
("KURISUTARU", 180000, 250000, "FutureFighter"),
("VIOLENT_KEN", 185000, 255000, "RagingDragon"),
("COOL_CHICKEN", 185000, 255000, "FunkyFowl"),
("CITY_HUNTER_RYO", 185000, 255000, "CityWarrior"),
("STREETWISE_MIKE", 180000, 250000, "StreetwiseBrawler"),
("STREETWISE_CHIN", 180000, 250000, "StreetwiseBrawler"),
("STREETWISE_AIR", 185000, 255000, "StreetwiseWind"),
("STREETWISE_BILLY", 185000, 255000, "StreetwiseBrawler"),
("STREETWISE_ALEX", 180000, 250000, "StreetwiseBrawler"),
("STREETWISE_JOHN", 180000, 250000, "StreetwiseBrawler");

INSERT INTO character_matchups VALUES
("RYU", "KIMBERLY", 4.8),
("RYU", "CHUN-LI", 4.5),
("RYU", "GUILE", 4.1),
("RYU", "DHALSIM", 3.7),
("RYU", "BALROG", 4.2),
("RYU", "VEGA", 4.4),
("RYU", "SAGAT", 4.6),
("RYU", "AKUMA", 5.0),
("RYU", "IBUKI", 4.3),
("RYU", "ZANGIEF", 3.8),
("RYU", "M_BISON", 4.0),
("RYU", "NECALLI", 4.1),
("RYU", "R_MIK", 3.7),
("RYU", "CODY", 4.2),
("RYU", "KARIN", 4.3),
("RYU", "GOUKEN", 4.0),
("RYU", "BLANKA", 3.9),
("RYU", "JURI", 4.4),
("RYU", "E_HONDA", 3.8),
("RYU", "POISON", 4.1),
("RYU", "ABIGAIL", 4.3),
("RYU", "ED", 3.6),
("RYU", "FANG", 3.5),
("RYU", "LUCIA", 3.9),
("RYU", "KAGE", 4.2),
("RYU", "GILL", 4.7),
("RYU", "SAKURA", 4.0),
("RYU", "ALEX", 3.8),
("RYU", "DAN", 3.4),
("RYU", "DEE_JAY", 3.7),
("RYU", "HONDA", 3.6),
("RYU", "MAKOTO", 4.1),
("RYU", "ROSE", 3.9),
("RYU", "Q", 3.4),
("RYU", "TWELVE", 3.3),
("RYU", "ORO", 3.5),
("RYU", "URlEN", 4.2),
("RYU", "C_VIPER", 4.0),
("RYU", "SAVAGE_REIGN_ADI_DUES", 3.9),
("RYU", "SANKUOKU_NAOKI", 3.6),
("RYU", "MARTIAL_MASTERS_GENNARO", 3.8),
("RYU", "RED_EARTH_LEONHALI", 4.1),
("RYU", "STREET_SMARTS_JUAN_2", 3.7),
("RYU", "NAMCO_DAWN", 3.6),
("RYU", "KURISUTARU", 3.4),
("RYU", "VIOLENT_KEN", 4.3),
("RYU", "COOL_CHICKEN", 3.9),
("RYU", "CITY_HUNTER_RYO", 4.0),
("RYU", "STREETWISE_MIKE", 3.8),
("RYU", "STREETWISE_CHIN", 3.7),
("RYU", "STREETWISE_AIR", 3.6),
("RYU", "STREETWISE_BILLY", 3.9),
("RYU", "STREETWISE_ALEX", 4.1),
("RYU", "STREETWISE_JOHN", 3.8),
("RYU", "STREETWISE_MICK", 3.7),
("RYU", "STREETWISE_DON", 3.6),
("CAMMY", "RYU", 5.4),
("CAMMY", "KEN", 4.2),
("CAMMY", "JP", 4.1),
("CAMMY", "KIMBERLY", 4.9),
("CAMMY", "CHUN-LI", 4.2),
("CAMMY", "GUILE", 4.5),
("CAMMY", "DHALSIM", 3.5),
("CAMMY", "BALROG", 4.6),
("CAMMY", "VEGA", 4.1),
("CAMMY", "SAGAT", 4.8),
("CAMMY", "AKUMA", 4.9),
("CAMMY", "IBUKI", 4.5),
("CAMMY", "ZANGIEF", 3.4),
("CAMMY", "M_BISON", 4.3),
("CAMMY", "NECALLI", 4.5),
("CAMMY", "R_MIK", 3.6),
("CAMMY", "CODY", 4.5),
("CAMMY", "KARIN", 4.6),
("CAMMY", "GOUKEN", 4.2),
("CAMMY", "BLANKA", 3.6),
("CAMMY", "JURI", 4.2),
("CAMMY", "E_HONDA", 3.6),
("CAMMY", "POISON", 4.4),
("CAMMY", "ABIGAIL", 4.6),
("CAMMY", "ED", 3.8),
("CAMMY", "FANG", 3.7),
("CAMMY", "LUCIA", 4.0),
("CAMMY", "KAGE", 4.3),
("CAMMY", "GILL", 4.6),
("CAMMY", "SAKURA", 4.1),
("CAMMY", "ALEX", 3.9),
("CAMMY", "DAN", 3.5),
("CAMMY", "DEE_JAY", 3.8),
("CAMMY", "HONDA", 3.7),
("CAMMY", "MAKOTO", 4.2),
("CAMMY", "ROSE", 4.0),
("CAMMY", "Q", 3.5),
("CAMMY", "TWELVE", 3.4),
("CAMMY", "ORO", 3.6),
("CAMMY", "URlEN", 4.1),
("CAMMY", "C_VIPER", 3.9),
("CAMMY", "SAVAGE_REIGN_ADI_DUES", 4.0),
("CAMMY", "SANKUOKU_NAOKI", 3.7),
("CAMMY", "MARTIAL_MASTERS_GENNARO", 3.9),
("CAMMY", "RED_EARTH_LEONHALI", 4.2),
("CAMMY", "STREET_SMARTS_JUAN_2", 3.8),
("CAMMY", "NAMCO_DAWN", 3.7),
("CAMMY", "KURISUTARU", 3.5),
("CAMMY", "VIOLENT_KEN", 4.4),
("CAMMY", "COOL_CHICKEN", 4.0),
("CAMMY", "CITY_HUNTER_RYO", 4.1),
("CAMMY", "STREETWISE_MIKE", 3.9),
("CAMMY", "STREETWISE_CHIN", 3.8),
("CAMMY", "STREETWISE_AIR", 3.7),
("CAMMY", "STREETWISE_BILLY", 4.0),
("CAMMY", "STREETWISE_ALEX", 4.2),
("CAMMY", "STREETWISE_JOHN", 3.9),
("CAMMY", "STREETWISE_MICK", 3.8),
("CAMMY", "STREETWISE_DON", 3.7),
("KEN", "RYU", 4.9),
("KEN", "CAMMY", 5.2),
("KEN", "JP", 4.4),
("KEN", "KIMBERLY", 5.1),
("KEN", "CHUN-LI", 4.3),
("KEN", "GUILE", 4.7),
("KEN", "DHALSIM", 3.8),
("KEN", "BALROG", 4.4),
("KEN", "VEGA", 4.6),
("KEN", "SAGAT", 4.8),
("KEN", "AKUMA", 5.0),
("KEN", "IBUKI", 4.6),
("KEN", "ZANGIEF", 3.7),
("KEN", "M_BISON", 4.2),
("KEN", "NECALLI", 4.4),
("KEN", "R_MIK", 3.9),
("KEN", "CODY", 4.5),
("KEN", "KARIN", 4.6),
("KEN", "GOUKEN", 4.3),
("KEN", "BLANKA", 3.8),
("KEN", "JURI", 4.3),
("KEN", "E_HONDA", 3.7),
("KEN", "POISON", 4.5),
("KEN", "ABIGAIL", 4.2),
("KEN", "ED", 3.9),
("KEN", "FANG", 3.8),
("KEN", "LUCIA", 4.1),
("KEN", "KAGE", 4.4),
("KEN", "GILL", 4.7),
("KEN", "SAKURA", 4.2),
("KEN", "ALEX", 4.0),
("KEN", "DAN", 3.6),
("KEN", "DEE_JAY", 3.9),
("KEN", "HONDA", 3.8),
("KEN", "MAKOTO", 4.3),
("KEN", "ROSE", 4.1),
("KEN", "Q", 3.6),
("KEN", "TWELVE", 3.5),
("KEN", "ORO", 3.7),
("KEN", "URlEN", 4.2),
("KEN", "C_VIPER", 4.0),
("KEN", "SAVAGE_REIGN_ADI_DUES", 4.1),
("KEN", "SANKUOKU_NAOKI", 3.8),
("KEN", "MARTIAL_MASTERS_GENNARO", 4.0),
("KEN", "RED_EARTH_LEONHALI", 4.3),
("KEN", "STREET_SMARTS_JUAN_2", 3.9),
("KEN", "NAMCO_DAWN", 3.8),
("KEN", "KURISUTARU", 3.6),
("KEN", "VIOLENT_KEN", 4.5),
("KEN", "COOL_CHICKEN", 4.1),
("KEN", "CITY_HUNTER_RYO", 4.2),
("KEN", "STREETWISE_MIKE", 4.0),
("KEN", "STREETWISE_CHIN", 3.9),
("KEN", "STREETWISE_AIR", 3.8),
("KEN", "STREETWISE_BILLY", 4.1),
("KEN", "STREETWISE_ALEX", 4.3),
("KEN", "STREETWISE_JOHN", 4.0),
("KEN", "STREETWISE_MICK", 3.9),
("KEN", "STREETWISE_DON", 3.8);

    




